{"0": -1.2697991482186675, "1": -1.4209819861374076, "2": 0.7591928236765071, "3": -1.9667929316270523, "4": -0.7756074263151733, "5": -0.7418872712384781, "6": 1.188901248145089, "7": -0.5909546899649953, "8": -2.1120809916231447, "9": -0.9364701618605897}